CustomerID,TotalOrders,TotalSpend,AvgOrderValue,LastPurchaseDate,DaysSinceLastPurchase,PurchaseFrequency,LifetimeValue,Transactions,RepeatPurchaseRate
1,26,96453.92,3709.766154,3/20/2026,52,0.72,125818.08,26,1
2,20,61805.38,3090.269,2/19/2026,81,0.56,97465.05,20,1
3,18,81142.38,4507.91,3/10/2026,62,0.5,127605.13,18,1
4,27,90942.3,3368.233333,4/11/2026,30,0.75,149724.77,27,1
5,22,66404.49,3018.385909,3/2/2026,70,0.61,121116.99,22,1
6,20,80760.07,4038.0035,3/27/2026,45,0.56,97615.21,20,1
7,22,75376.36,3426.198182,4/23/2026,18,0.61,144262.99,22,1
8,24,75702.83,3154.284583,5/9/2026,2,0.67,144655.19,24,1
9,24,83958.48,3498.27,5/6/2026,5,0.67,114317.75,24,1
10,11,39833.33,3621.211818,2/23/2026,77,0.31,55375.17,11,1
11,21,58394.26,2780.679048,4/26/2026,15,0.58,110039.51,21,1
12,23,82448.09,3584.699565,1/21/2026,110,0.64,146226.65,23,1
13,20,76074.85,3803.7425,5/1/2026,10,0.56,127005.45,20,1
14,19,84684.57,4457.082632,4/26/2026,15,0.53,150068.77,19,1
15,24,122221.61,5092.567083,5/10/2026,1,0.67,188677.51,24,1
16,23,87269.8,3794.33913,2/13/2026,87,0.64,111385.45,23,1
17,21,65484.48,3118.308571,4/30/2026,11,0.58,106959.02,21,1
18,14,62798.95,4485.639286,4/10/2026,31,0.39,86917.67,14,1
19,24,90075.45,3753.14375,5/7/2026,4,0.67,153362.21,24,1
20,24,82436.93,3434.872083,1/16/2026,115,0.67,111463.23,24,1
21,22,77382.83,3517.401364,4/11/2026,30,0.61,104492.46,22,1
22,24,58146.85,2422.785417,1/20/2026,111,0.67,74082.89,24,1
23,18,67290.16,3738.342222,4/21/2026,20,0.5,103118.16,18,1
24,16,78329.12,4895.57,5/5/2026,6,0.44,149520.58,16,1
25,18,69591.27,3866.181667,2/23/2026,77,0.5,132029.73,18,1
26,26,71286.88,2741.803077,2/10/2026,90,0.72,94668.06,26,1
27,15,58498.88,3899.925333,11/15/2025,177,0.42,106103.31,15,1
28,22,66305.58,3013.89,5/10/2026,1,0.61,126766.29,22,1
29,22,92077.38,4185.335455,1/10/2026,121,0.61,117645.74,22,1
30,24,92581.69,3857.570417,3/28/2026,44,0.67,151702.24,24,1
31,23,96920.84,4213.949565,5/6/2026,5,0.64,161464.52,23,1
32,11,37744.09,3431.280909,5/6/2026,5,0.31,53557.68,11,1
33,22,82865.12,3766.596364,3/19/2026,53,0.61,120224.11,22,1
34,18,78318.44,4351.024444,4/16/2026,25,0.5,116134.45,18,1
35,18,98212.43,5456.246111,5/7/2026,4,0.5,142390.87,18,1
36,20,79839.12,3991.956,5/5/2026,6,0.56,123928.74,20,1
37,24,82862.86,3452.619167,3/29/2026,43,0.67,149489.39,24,1
38,15,36193.96,2412.930667,1/6/2026,125,0.42,63352.07,15,1
39,16,75316.69,4707.293125,4/5/2026,36,0.44,96466.99,16,1
40,18,68857.34,3825.407778,5/1/2026,10,0.5,83129.88,18,1
41,21,111349.86,5302.374286,12/7/2025,155,0.58,187668.78,21,1
42,19,65581.16,3451.64,4/4/2026,37,0.53,117985.04,19,1
43,17,58411.98,3435.998824,3/17/2026,55,0.47,110880.41,17,1
44,23,99374.74,4320.64087,2/7/2026,93,0.64,165270.7,23,1
45,20,93067.88,4653.394,4/30/2026,11,0.56,176350.26,20,1
46,12,50701.05,4225.0875,2/22/2026,78,0.33,84109.87,12,1
47,23,71553.21,3111.00913,1/23/2026,108,0.64,111890.97,23,1
48,21,72035.21,3430.248095,4/2/2026,39,0.58,133327.37,21,1
49,17,93218,5483.411765,4/17/2026,24,0.47,120003.05,17,1
50,20,63092.32,3154.616,11/30/2025,162,0.56,80285.96,20,1
51,22,80446.42,3656.655455,1/3/2026,128,0.61,147787.72,22,1
52,31,99609.17,3213.199032,2/21/2026,79,0.86,134606.05,31,1
53,22,69265.92,3148.450909,12/1/2025,161,0.61,137982.99,22,1
54,17,83375.31,4904.43,4/5/2026,36,0.47,140049.19,17,1
55,28,110003.75,3928.705357,4/10/2026,31,0.78,184515.06,28,1
56,30,95863.62,3195.454,4/20/2026,21,0.83,124772.61,30,1
57,17,88596.65,5211.567647,4/7/2026,34,0.47,163925.78,17,1
58,14,89770.86,6412.204286,12/16/2025,146,0.39,169306.46,14,1
59,29,94888.31,3272.01069,4/9/2026,32,0.81,161681.31,29,1
60,16,49924.97,3120.310625,4/8/2026,33,0.44,85282.32,16,1
61,20,85770.14,4288.507,2/5/2026,95,0.56,136281.09,20,1
62,26,99881.8,3841.607692,5/4/2026,7,0.72,169808.29,26,1
63,20,69845.84,3492.292,4/6/2026,35,0.56,133676.38,20,1
64,15,59272.86,3951.524,11/23/2025,169,0.42,116840.61,15,1
65,23,93790.62,4077.853043,4/23/2026,18,0.64,154180.42,23,1
66,21,59267.91,2822.281429,5/6/2026,5,0.58,85191.09,21,1
67,19,76497.23,4026.17,4/2/2026,39,0.53,140783.51,19,1
68,15,45374.62,3024.974667,10/27/2025,196,0.42,84031.46,15,1
69,17,88056.59,5179.799412,5/9/2026,2,0.47,165981.04,17,1
70,19,87224.61,4590.768947,4/28/2026,13,0.53,108949.95,19,1
71,18,84478.46,4693.247778,2/1/2026,99,0.5,106647.72,18,1
72,14,39108.09,2793.435,3/19/2026,53,0.39,76074.98,14,1
73,21,70478.64,3356.125714,3/6/2026,66,0.58,139637.26,21,1
74,20,89902.63,4495.1315,10/1/2025,222,0.56,113192.82,20,1
75,13,47071.39,3620.876154,4/14/2026,27,0.36,92369.11,13,1
76,18,60814.35,3378.575,5/10/2026,1,0.5,76546.78,18,1
77,21,76357.22,3636.058095,4/7/2026,34,0.58,98754.63,21,1
78,18,55218.55,3067.697222,3/12/2026,60,0.5,106366.61,18,1
79,22,81440.9,3701.859091,3/7/2026,65,0.61,126655.46,22,1
80,24,108871.87,4536.327917,4/5/2026,36,0.67,201666.59,24,1
81,16,43483,2717.6875,2/2/2026,98,0.44,58388.1,16,1
82,10,25344.75,2534.475,5/6/2026,5,0.28,35586.4,10,1
83,18,53496.97,2972.053889,4/26/2026,15,0.5,77384.66,18,1
84,14,65719.22,4694.23,4/21/2026,20,0.39,98861.72,14,1
85,31,141335.75,4559.217742,3/22/2026,50,0.86,245151.72,31,1
86,13,57146.59,4395.891538,4/25/2026,16,0.36,86758.25,13,1
87,20,66655.32,3332.766,4/16/2026,25,0.56,127669.46,20,1
88,22,67066.08,3048.458182,5/1/2026,10,0.61,113089.31,22,1
89,22,65623.07,2982.866818,4/22/2026,19,0.61,123044.32,22,1
90,11,43812,3982.909091,2/21/2026,79,0.31,54065.33,11,1
91,26,85347.23,3282.585769,4/15/2026,26,0.72,102440.47,26,1
92,16,73163.82,4572.73875,11/16/2025,176,0.44,111031.53,16,1
93,18,76340.01,4241.111667,2/21/2026,79,0.5,95355.04,18,1
94,15,46980.61,3132.040667,4/19/2026,22,0.42,75253.8,15,1
95,21,49307.68,2347.984762,3/12/2026,60,0.58,84473.53,21,1
96,22,83443.31,3792.877727,3/29/2026,43,0.61,112376.71,22,1
97,22,114495.68,5204.349091,4/16/2026,25,0.61,226291.06,22,1
98,21,66789.97,3180.474762,4/20/2026,21,0.58,82790.22,21,1
99,24,99012.13,4125.505417,4/4/2026,37,0.67,166098.81,24,1
100,20,107221.11,5361.0555,4/14/2026,27,0.56,209443.5,20,1
101,21,82325.41,3920.257619,4/27/2026,14,0.58,133783.76,21,1
102,23,78729.7,3423.030435,3/19/2026,53,0.64,152308.94,23,1
103,14,53224.11,3801.722143,5/4/2026,7,0.39,65875.27,14,1
104,19,61440.47,3233.708947,3/31/2026,41,0.53,102502.97,19,1
105,23,113365.44,4928.932174,2/22/2026,78,0.64,220857.69,23,1
106,21,86824.27,4134.489048,4/7/2026,34,0.58,163697.99,21,1
107,31,96432.51,3110.726129,4/1/2026,40,0.86,126423.13,31,1
108,26,165494.19,6365.161154,4/10/2026,31,0.72,330507.58,26,1
109,22,97363.08,4425.594545,4/18/2026,23,0.61,127701.98,22,1
110,19,88173.32,4640.701053,4/9/2026,32,0.53,122346.95,19,1
111,23,127125.01,5527.174348,4/17/2026,24,0.64,162547.32,23,1
112,20,78267.31,3913.3655,3/6/2026,66,0.56,135055.16,20,1
113,16,46964.9,2935.30625,3/7/2026,65,0.44,72077.61,16,1
114,12,46848.89,3904.074167,12/10/2025,152,0.33,87902.23,12,1
115,20,70251.9,3512.595,5/4/2026,7,0.56,133168.87,20,1
116,17,63264.93,3721.466471,11/4/2025,188,0.47,85487.63,17,1
117,15,46344.61,3089.640667,11/29/2025,163,0.42,72221.17,15,1
118,16,102387.61,6399.225625,9/3/2025,250,0.44,174107.54,16,1
119,15,38214.33,2547.622,1/13/2026,118,0.42,71303.45,15,1
120,10,47306.44,4730.644,12/29/2025,133,0.28,60297.29,10,1
121,9,30278.67,3364.296667,4/22/2026,19,0.25,53605.5,9,1
122,17,78833.11,4637.241765,4/24/2026,17,0.47,124752.14,17,1
123,19,67729.9,3564.731579,4/16/2026,25,0.53,107471.86,19,1
124,31,150277.48,4847.660645,12/13/2025,149,0.86,253477.18,31,1
125,19,108784.88,5725.52,4/3/2026,38,0.53,144221.68,19,1
126,22,100835.07,4583.412273,2/24/2026,76,0.61,154514.41,22,1
127,22,74301.36,3377.334545,12/30/2025,132,0.61,142051.25,22,1
128,26,96635.6,3716.753846,5/7/2026,4,0.72,182104.5,26,1
129,18,58229.1,3234.95,3/25/2026,47,0.5,76904.23,18,1
130,23,164747.89,7162.951739,5/1/2026,10,0.64,271465.33,23,1
131,20,90119.05,4505.9525,3/25/2026,47,0.56,178100.69,20,1
132,16,53313.17,3332.073125,3/20/2026,52,0.44,90846.57,16,1
133,25,76862.26,3074.4904,5/3/2026,8,0.69,108079.68,25,1
134,18,63424.54,3523.585556,4/14/2026,27,0.5,79557.99,18,1
135,25,104517.61,4180.7044,2/17/2026,83,0.69,169494.03,25,1
136,16,55713.17,3482.073125,1/29/2026,102,0.44,75148.2,16,1
137,16,63040.53,3940.033125,3/19/2026,53,0.44,124270.09,16,1
138,17,56628.97,3331.115882,3/23/2026,49,0.47,98681.76,17,1
139,24,85928,3580.333333,3/4/2026,68,0.67,166515.88,24,1
140,25,87534.04,3501.3616,5/10/2026,1,0.69,158333.63,25,1
141,22,93303.77,4241.080455,2/20/2026,80,0.61,164108.26,22,1
142,20,72638.33,3631.9165,5/10/2026,1,0.56,117332.39,20,1
143,16,65025.65,4064.103125,4/24/2026,17,0.44,90338.61,16,1
144,20,90915.29,4545.7645,12/26/2025,136,0.56,150781.06,20,1
145,18,69300.45,3850.025,4/26/2026,15,0.5,126479.16,18,1
146,22,72882.42,3312.837273,3/4/2026,68,0.61,104989.24,22,1
147,15,73930.13,4928.675333,4/28/2026,13,0.42,101926.42,15,1
148,21,71922.68,3424.889524,4/3/2026,38,0.58,92143.36,21,1
149,22,60200.81,2736.400455,4/14/2026,27,0.61,94147.47,22,1
150,21,104242.81,4963.943333,11/17/2025,175,0.58,181792.74,21,1
151,24,86124.79,3588.532917,4/8/2026,33,0.67,104964.66,24,1
152,14,38791.68,2770.834286,11/29/2025,163,0.39,73233.87,14,1
153,29,105985.87,3654.685172,4/17/2026,24,0.81,171361.69,29,1
154,26,95557.63,3675.293462,11/21/2025,171,0.72,124239.29,26,1
155,17,47373.06,2786.650588,5/6/2026,5,0.47,85961.94,17,1
156,23,85673.47,3724.933478,4/17/2026,24,0.64,170346.37,23,1
157,23,67993.78,2956.251304,3/26/2026,46,0.64,123518.06,23,1
158,19,91632.51,4822.763684,2/24/2026,76,0.53,179769.21,19,1
159,24,124540.39,5189.182917,3/26/2026,46,0.67,248966.73,24,1
160,27,119589.76,4429.25037,4/16/2026,25,0.75,173391.29,27,1
161,18,77197.93,4288.773889,2/25/2026,75,0.5,128599.36,18,1
162,15,52232.12,3482.141333,2/23/2026,77,0.42,80807.72,15,1
163,17,78225.8,4601.517647,5/5/2026,6,0.47,129805.07,17,1
164,29,81628.78,2814.785517,5/10/2026,1,0.81,135789.96,29,1
165,28,96327.94,3440.283571,3/25/2026,47,0.78,153639.31,28,1
166,19,78958.11,4155.69,5/5/2026,6,0.53,105842.85,19,1
167,11,66549.2,6049.927273,5/5/2026,6,0.31,86505.14,11,1
168,21,82748.23,3940.391905,1/18/2026,113,0.58,134468.1,21,1
169,22,108035.1,4910.686364,5/4/2026,7,0.61,199248.48,22,1
170,23,82326.91,3579.43087,4/29/2026,12,0.64,100294.66,23,1
171,15,55051.29,3670.086,2/11/2026,89,0.42,106352.24,15,1
172,26,113532.6,4366.638462,4/11/2026,30,0.72,157795.78,26,1
173,17,62947.96,3702.821176,2/12/2026,88,0.47,115195.82,17,1
174,20,62068.11,3103.4055,4/13/2026,28,0.56,108986.43,20,1
175,23,93461.47,4063.542174,4/30/2026,11,0.64,179586.58,23,1
176,18,68793.65,3821.869444,3/21/2026,51,0.5,106292.38,18,1
177,12,64472.09,5372.674167,2/10/2026,90,0.33,93596.16,12,1
178,14,61817.28,4415.52,2/21/2026,79,0.39,78255.38,14,1
179,17,80368.21,4727.541765,5/8/2026,3,0.47,111214.22,17,1
180,14,43908.64,3136.331429,10/8/2025,215,0.39,84727.46,14,1
181,21,78136.96,3720.807619,4/10/2026,31,0.58,121381.11,21,1
182,16,44098.15,2756.134375,1/17/2026,114,0.44,53175.92,16,1
183,13,41993.9,3230.3,5/7/2026,4,0.36,59391.53,13,1
184,21,67625.48,3220.260952,6/20/2025,325,0.58,102442.58,21,1
185,21,103998.62,4952.315238,4/27/2026,14,0.58,126033.72,21,1
186,18,74148.24,4119.346667,4/2/2026,39,0.5,147737.16,18,1
187,18,75161.87,4175.659444,4/23/2026,18,0.5,136491.43,18,1
188,15,42977.11,2865.140667,5/10/2026,1,0.42,65703.96,15,1
189,19,72418.64,3811.507368,4/18/2026,23,0.53,111380.51,19,1
190,25,108680.81,4347.2324,5/6/2026,5,0.69,169468.37,25,1
191,27,76418.4,2830.311111,5/10/2026,1,0.75,104786.42,27,1
192,24,77233.75,3218.072917,5/3/2026,8,0.67,108649.73,24,1
193,19,62427.63,3285.664737,3/11/2026,61,0.53,106540.22,19,1
194,24,92535.7,3855.654167,3/24/2026,48,0.67,155108.28,24,1
195,33,128121.39,3882.466364,4/12/2026,29,0.92,204666.54,33,1
196,25,85787.48,3431.4992,4/19/2026,22,0.69,109668.1,25,1
197,22,104141.86,4733.720909,5/2/2026,9,0.61,133904.57,22,1
198,23,77571.13,3372.657826,3/13/2026,59,0.64,147689.98,23,1
199,30,114690.02,3823.000667,1/24/2026,107,0.83,147837.7,30,1
200,22,73857.36,3357.152727,3/25/2026,47,0.61,95781.1,22,1
201,22,83932.19,3815.099545,1/2/2026,129,0.61,129792.25,22,1
202,15,40255.5,2683.7,5/5/2026,6,0.42,57178.65,15,1
203,15,52807.07,3520.471333,3/22/2026,50,0.42,86265.91,15,1
204,20,100131.02,5006.551,3/11/2026,61,0.56,189188.47,20,1
205,21,59699.63,2842.839524,1/26/2026,105,0.58,117141.44,21,1
206,23,103499.21,4499.965652,2/3/2026,97,0.64,131379.88,23,1
207,17,83030.29,4884.134706,12/5/2025,157,0.47,147734.51,17,1
208,22,88583.4,4026.518182,11/29/2025,163,0.61,162654.82,22,1
209,17,85697.08,5041.004706,3/31/2026,41,0.47,135007.37,17,1
210,23,108750.44,4728.28,4/26/2026,15,0.64,173076.83,23,1
211,16,52532.24,3283.265,2/21/2026,79,0.44,74511.13,16,1
212,24,76586.67,3191.11125,2/7/2026,93,0.67,92493.41,24,1
213,29,131056.5,4519.189655,5/1/2026,10,0.81,202362.05,29,1
214,20,67564.95,3378.2475,3/16/2026,56,0.56,126238.27,20,1
215,24,68964.26,2873.510833,5/4/2026,7,0.67,89325.6,24,1
216,12,48886.27,4073.855833,1/30/2026,101,0.33,94778.34,12,1
217,21,91594.71,4361.652857,3/11/2026,61,0.58,128079.29,21,1
218,20,115167.45,5758.3725,4/13/2026,28,0.56,144013.5,20,1
219,26,110467.12,4248.735385,1/3/2026,128,0.72,212187.68,26,1
220,24,100650.17,4193.757083,4/5/2026,36,0.67,177704.4,24,1
221,21,76773.91,3655.900476,4/19/2026,22,0.58,132662.75,21,1
222,20,116670.16,5833.508,2/1/2026,99,0.56,201682.44,20,1
223,19,96872.42,5098.548421,3/4/2026,68,0.53,183447.55,19,1
224,20,96953.56,4847.678,1/27/2026,104,0.56,168037.11,20,1
225,20,70110.55,3505.5275,5/5/2026,6,0.56,89722.18,20,1
226,18,100562.17,5586.787222,5/4/2026,7,0.5,170917.18,18,1
227,24,72874.64,3036.443333,4/23/2026,18,0.67,115728.14,24,1
228,22,66455.43,3020.701364,5/7/2026,4,0.61,112235.62,22,1
229,16,45853.31,2865.831875,1/26/2026,105,0.44,80512.69,16,1
230,22,91517.8,4159.9,4/2/2026,39,0.61,171019.99,22,1
231,22,85794.41,3899.745909,4/5/2026,36,0.61,162209.44,22,1
232,24,81777.61,3407.400417,3/25/2026,47,0.67,136024.07,24,1
233,24,94604.16,3941.84,3/28/2026,44,0.67,141596.91,24,1
234,18,65613.2,3645.177778,5/6/2026,5,0.5,127069.62,18,1
235,15,47658.91,3177.260667,4/26/2026,15,0.42,68541.13,15,1
236,27,85510.31,3167.048519,1/17/2026,114,0.75,107977.27,27,1
237,20,74717.93,3735.8965,3/8/2026,64,0.56,137355.21,20,1
238,15,54391.2,3626.08,3/19/2026,53,0.42,76389.58,15,1
239,15,53472.6,3564.84,3/6/2026,66,0.42,106621.39,15,1
240,21,79612.19,3791.056667,4/10/2026,31,0.58,112148.01,21,1
241,19,63744.48,3354.972632,2/26/2026,74,0.53,116921.32,19,1
242,15,49117.55,3274.503333,10/22/2025,201,0.42,64565.05,15,1
243,26,94669.76,3641.144615,3/12/2026,60,0.72,121481.09,26,1
244,21,82828.56,3944.217143,2/9/2026,91,0.58,114334.4,21,1
245,23,98708.92,4291.692174,4/5/2026,36,0.64,193611.82,23,1
246,24,90785.41,3782.725417,3/23/2026,49,0.67,160494.11,24,1
247,17,72456.47,4262.145294,4/2/2026,39,0.47,95631.58,17,1
248,20,68427.1,3421.355,2/16/2026,84,0.56,88437.04,20,1
249,17,81177.83,4775.166471,3/10/2026,62,0.47,115697.4,17,1
250,22,115160.83,5234.583182,4/15/2026,26,0.61,163592.56,22,1
251,15,45665.86,3044.390667,2/27/2026,73,0.42,85948.93,15,1
252,26,105350.43,4051.939615,4/19/2026,22,0.72,157955.19,26,1
253,24,116227.34,4842.805833,5/8/2026,3,0.67,208425.35,24,1
254,21,70398.57,3352.312857,5/2/2026,9,0.58,109685.72,21,1
255,21,68591.5,3266.261905,4/26/2026,15,0.58,110083.78,21,1
256,18,63930.23,3551.679444,3/6/2026,66,0.5,86236.45,18,1
257,16,88126.73,5507.920625,3/15/2026,57,0.44,107132.68,16,1
258,26,98053.57,3771.291154,2/15/2026,85,0.72,154170.53,26,1
259,20,67925.22,3396.261,3/31/2026,41,0.56,99284.52,20,1
260,18,73644.1,4091.338889,4/14/2026,27,0.5,146410.7,18,1
261,13,41422.13,3186.317692,4/12/2026,29,0.36,55198.79,13,1
262,21,92663.05,4412.52619,4/11/2026,30,0.58,118040.7,21,1
263,17,62908.94,3700.525882,4/8/2026,33,0.47,92900.79,17,1
264,20,78329.11,3916.4555,5/7/2026,4,0.56,113512.84,20,1
265,25,81126.76,3245.0704,4/27/2026,14,0.69,131821.91,25,1
266,16,52631.23,3289.451875,4/28/2026,13,0.44,74807.06,16,1
267,22,82894.54,3767.933636,3/9/2026,63,0.61,133288.84,22,1
268,21,83303.17,3966.817619,5/1/2026,10,0.58,116750.14,21,1
269,21,71734.49,3415.928095,3/27/2026,45,0.58,142854.39,21,1
270,18,89913.68,4995.204444,4/27/2026,14,0.5,140870.34,18,1
271,18,52974.35,2943.019444,2/28/2026,72,0.5,93296.57,18,1
272,17,86904.95,5112.055882,2/10/2026,90,0.47,157427.99,17,1
273,20,64331.19,3216.5595,4/7/2026,34,0.56,126533.73,20,1
274,21,62675.98,2984.570476,11/24/2025,168,0.58,98640.81,21,1
275,9,32562.93,3618.103333,10/3/2025,220,0.25,57531.8,9,1
276,18,84467.26,4692.625556,3/7/2026,65,0.5,102727.28,18,1
277,25,102922.37,4116.8948,4/12/2026,29,0.69,170957.53,25,1
278,26,90847.04,3494.116923,3/13/2026,59,0.72,162833.68,26,1
279,17,63684.81,3746.165294,3/28/2026,44,0.47,116465.69,17,1
280,20,55950.81,2797.5405,2/8/2026,92,0.56,67332.42,20,1
281,17,62174.1,3657.3,5/5/2026,6,0.47,105511.34,17,1
282,14,65662.68,4690.191429,5/9/2026,2,0.39,116535.61,14,1
283,25,114179.8,4567.192,3/15/2026,57,0.69,214100.32,25,1
284,27,76092.51,2818.241111,2/9/2026,91,0.75,127103.56,27,1
285,22,88796.82,4036.219091,4/10/2026,31,0.61,141728.49,22,1
286,13,49855.67,3835.051538,4/29/2026,12,0.36,64804.54,13,1
287,29,124195.19,4282.592759,3/26/2026,46,0.81,188785.56,29,1
288,17,69177.26,4069.250588,4/17/2026,24,0.47,119979.77,17,1
289,17,70699.19,4158.775882,4/29/2026,12,0.47,134673.13,17,1
290,23,101577.25,4416.402174,3/18/2026,54,0.64,126854.56,23,1
291,19,72896.47,3836.656316,3/17/2026,55,0.53,88251.44,19,1
292,21,72663.55,3460.169048,5/4/2026,7,0.58,130989.02,21,1
293,21,100121.88,4767.708571,4/16/2026,25,0.58,145406.07,21,1
294,13,63622.53,4894.040769,4/7/2026,34,0.36,89791.62,13,1
295,24,94992.63,3958.02625,5/10/2026,1,0.67,161622.4,24,1
296,30,112208,3740.266667,4/15/2026,26,0.83,186641.37,30,1
297,12,50846.05,4237.170833,1/14/2025,482,0.33,83920.66,12,1
298,25,85137.53,3405.5012,3/18/2026,54,0.69,147039.26,25,1
299,18,59574.18,3309.676667,11/21/2025,171,0.5,107861.07,18,1
300,17,43669.39,2568.787647,3/19/2026,53,0.47,68647.24,17,1
301,18,78857.69,4380.982778,2/28/2026,72,0.5,101666.42,18,1
302,24,64275.71,2678.154583,4/9/2026,32,0.67,119610.79,24,1
303,13,69832.86,5371.758462,6/5/2025,340,0.36,119577.83,13,1
304,35,178815.85,5109.024286,4/23/2026,18,0.97,338986.04,35,1
305,11,58255.23,5295.93,2/16/2026,84,0.31,99936.31,11,1
306,17,63316.37,3724.492353,5/7/2026,4,0.47,80961.47,17,1
307,17,69914.29,4112.605294,5/1/2026,10,0.47,90442.7,17,1
308,26,99588.3,3830.319231,3/13/2026,59,0.72,134099.62,26,1
309,18,71660.67,3981.148333,3/24/2026,48,0.5,107974.24,18,1
310,22,92114.14,4187.006364,1/1/2026,130,0.61,134364.15,22,1
311,22,95381.97,4335.544091,4/19/2026,22,0.61,157241.8,22,1
312,15,57051.4,3803.426667,2/25/2026,75,0.42,71522.47,15,1
313,30,152059.43,5068.647667,5/1/2026,10,0.83,286896.22,30,1
314,21,96509.83,4595.70619,4/13/2026,28,0.58,148478.32,21,1
315,26,134776.66,5183.717692,4/20/2026,21,0.72,256383.27,26,1
316,16,55418.46,3463.65375,5/9/2026,2,0.44,99089.83,16,1
317,19,87808.26,4621.487368,4/11/2026,30,0.53,160702.89,19,1
318,20,65074.96,3253.748,4/19/2026,22,0.56,88389.83,20,1
319,19,71640.38,3770.546316,1/28/2026,103,0.53,129669,19,1
320,20,65869.33,3293.4665,1/5/2026,126,0.56,115238.59,20,1
321,21,89199.89,4247.61381,4/5/2026,36,0.58,172825.61,21,1
322,20,88745.13,4437.2565,3/17/2026,55,0.56,150444.41,20,1
323,15,54908.3,3660.553333,4/12/2026,29,0.42,104662.79,15,1
324,27,128015.04,4741.297778,5/9/2026,2,0.75,234086.83,27,1
325,24,87599.39,3649.974583,2/23/2026,77,0.67,169930.73,24,1
326,16,85190.9,5324.43125,4/21/2026,20,0.44,125020.74,16,1
327,18,67397.5,3744.305556,4/21/2026,20,0.5,110134.96,18,1
328,22,72310.86,3286.857273,4/18/2026,23,0.61,101872.27,22,1
329,19,88900.34,4678.965263,3/16/2026,56,0.53,167107.25,19,1
330,17,56899.17,3347.01,4/28/2026,13,0.47,77084.95,17,1
331,21,105986.36,5046.969524,12/12/2025,150,0.58,174267.43,21,1
332,16,54301.22,3393.82625,4/21/2026,20,0.44,95164.94,16,1
333,25,85969.43,3438.7772,2/20/2026,80,0.69,170840.18,25,1
334,25,91929.2,3677.168,3/25/2026,47,0.69,123431,25,1
335,21,98585.54,4694.549524,3/24/2026,48,0.58,120607.08,21,1
336,21,83150.12,3959.529524,4/15/2026,26,0.58,151602.22,21,1
337,25,78676.62,3147.0648,4/26/2026,15,0.69,155227.64,25,1
338,21,89986.54,4285.073333,4/9/2026,32,0.58,156992.75,21,1
339,23,81362.88,3537.516522,4/14/2026,27,0.64,135215.29,23,1
340,29,114459.27,3946.871379,4/25/2026,16,0.81,157311.89,29,1
341,15,65915.67,4394.378,12/19/2025,143,0.42,116637.88,15,1
342,22,95139.77,4324.535,5/8/2026,3,0.61,123779.23,22,1
343,22,59093.36,2686.061818,5/10/2026,1,0.61,114795.3,22,1
344,17,67565.34,3974.431765,4/1/2026,40,0.47,129485.8,17,1
345,14,53611.15,3829.367857,4/7/2026,34,0.39,68377.81,14,1
346,16,66436.56,4152.285,4/3/2026,38,0.44,102227.91,16,1
347,13,52544.49,4041.883846,12/9/2025,153,0.36,67962.55,13,1
348,15,92795.59,6186.372667,4/19/2026,22,0.42,170781.35,15,1
349,23,78831.47,3427.455217,2/27/2026,73,0.64,114530.39,23,1
350,17,99210.9,5835.935294,4/14/2026,27,0.47,193244.06,17,1
351,22,68313.09,3105.140455,3/21/2026,51,0.61,98232.21,22,1
352,27,135317.68,5011.765926,2/6/2026,94,0.75,169115.25,27,1
353,14,67883.87,4848.847857,9/17/2025,236,0.39,95486.19,14,1
354,19,98808.92,5200.469474,3/9/2026,63,0.53,153173.17,19,1
355,13,24768.78,1905.290769,2/11/2026,89,0.36,37391.07,13,1
356,19,64940.48,3417.92,3/5/2026,67,0.53,122443.59,19,1
357,17,50300.25,2958.838235,4/19/2026,22,0.47,67746.99,17,1
358,26,126149.32,4851.896923,4/3/2026,38,0.72,194507.03,26,1
359,21,106246.54,5059.359048,5/3/2026,8,0.58,182046.07,21,1
360,20,69031.59,3451.5795,3/20/2026,52,0.56,121826.97,20,1
361,19,85308.97,4489.945789,3/16/2026,56,0.53,147738.66,19,1
362,19,98759.34,5197.86,4/23/2026,18,0.53,189853.44,19,1
363,21,87266.67,4155.555714,12/8/2025,154,0.58,156076.12,21,1
364,16,63842.45,3990.153125,11/23/2025,169,0.44,78377.21,16,1
365,25,91006.08,3640.2432,4/26/2026,15,0.69,162331.9,25,1
366,17,66430.43,3907.672353,4/5/2026,36,0.47,105820.99,17,1
367,14,35253.96,2518.14,10/27/2025,196,0.39,60488.34,14,1
368,18,83979.99,4665.555,1/20/2026,111,0.5,116940.03,18,1
369,17,75340.83,4431.813529,12/18/2025,144,0.47,131270.39,17,1
370,19,83942.89,4418.046842,4/1/2026,40,0.53,131742.5,19,1
371,26,87029.42,3347.285385,3/1/2026,71,0.72,145365.01,26,1
372,26,74412.76,2862.029231,4/16/2026,25,0.72,105799.03,26,1
373,25,114531.94,4581.2776,2/8/2026,92,0.69,144927.78,25,1
374,23,114370.71,4972.639565,4/14/2026,27,0.64,218627.28,23,1
375,17,59907.57,3523.974706,4/7/2026,34,0.47,79827.92,17,1
376,25,80484.83,3219.3932,4/25/2026,16,0.69,144558.58,25,1
377,26,133298.95,5126.882692,5/6/2026,5,0.72,196327.19,26,1
378,16,69372.46,4335.77875,4/11/2026,30,0.44,88553.92,16,1
379,18,44911.31,2495.072778,3/25/2026,47,0.5,70409.96,18,1
380,20,102655.25,5132.7625,2/27/2026,73,0.56,131958.23,20,1
381,16,89263.29,5578.955625,2/10/2026,90,0.44,133470.19,16,1
382,24,125913.76,5246.406667,5/4/2026,7,0.67,238245.64,24,1
383,21,68647.79,3268.942381,5/2/2026,9,0.58,85667.08,21,1
384,17,77572.02,4563.06,4/26/2026,15,0.47,94503.4,17,1
385,15,64408.36,4293.890667,4/27/2026,14,0.42,89302.9,15,1
386,18,66912.91,3717.383889,4/12/2026,29,0.5,105677.87,18,1
387,17,70769.26,4162.897647,4/24/2026,17,0.47,114683.47,17,1
388,26,85423.92,3285.535385,4/3/2026,38,0.72,156181.66,26,1
389,19,67543.89,3554.941579,4/28/2026,13,0.53,85869.61,19,1
390,20,105404.5,5270.225,4/4/2026,37,0.56,208988.15,20,1
391,26,87776.61,3376.023462,4/28/2026,13,0.72,128524.33,26,1
392,10,41518.04,4151.804,2/1/2026,99,0.28,72810.6,10,1
393,26,103393.34,3976.666923,1/25/2026,106,0.72,152095.36,26,1
394,14,60138.74,4295.624286,10/20/2025,203,0.39,81799.06,14,1
395,15,88829.43,5921.962,5/10/2026,1,0.42,173777.1,15,1
396,30,157894.52,5263.150667,3/30/2026,42,0.83,209545.38,30,1
397,22,96661.54,4393.706364,5/3/2026,8,0.61,182748.51,22,1
398,19,60060.36,3161.071579,1/12/2026,119,0.53,105893.35,19,1
399,17,69748.38,4102.845882,5/9/2026,2,0.47,95826.86,17,1
400,16,65618.29,4101.143125,5/1/2026,10,0.44,97810.51,16,1
401,25,96182.49,3847.2996,12/29/2025,133,0.69,173061.67,25,1
402,22,71349.97,3243.180455,1/16/2026,115,0.61,122215.11,22,1
403,17,51354.66,3020.862353,3/10/2026,62,0.47,90140.05,17,1
404,25,94787.5,3791.5,4/8/2026,33,0.69,183342.87,25,1
405,23,91758.55,3989.502174,5/8/2026,3,0.64,129221.74,23,1
406,19,60371.99,3177.473158,2/26/2026,74,0.53,78465.75,19,1
407,21,61095.13,2909.291905,4/26/2026,15,0.58,89036.67,21,1
408,20,81976.39,4098.8195,4/20/2026,21,0.56,109841.97,20,1
409,18,91901.09,5105.616111,4/28/2026,13,0.5,158641.04,18,1
410,12,37254.17,3104.514167,7/31/2025,284,0.33,55120.47,12,1
411,23,109231.21,4749.183043,4/4/2026,37,0.64,209279.84,23,1
412,22,71978.44,3271.747273,4/28/2026,13,0.61,140424.73,22,1
413,17,43469.48,2557.028235,1/1/2026,130,0.47,86235.46,17,1
414,13,42971.99,3305.537692,4/6/2026,35,0.36,62536.54,13,1
415,26,122181.67,4699.295,5/9/2026,2,0.72,223355.53,26,1
416,16,51190.46,3199.40375,3/18/2026,54,0.44,67448.28,16,1
417,22,79084.05,3594.729545,3/19/2026,53,0.61,104488.77,22,1
418,17,82947.5,4879.264706,5/3/2026,8,0.47,155285.43,17,1
419,27,100000.4,3703.718519,4/10/2026,31,0.75,157479.38,27,1
420,23,102481.85,4455.732609,3/4/2026,68,0.64,158714.78,23,1
421,19,56386.45,2967.707895,5/2/2026,9,0.53,98980.36,19,1
422,14,49436.56,3531.182857,2/16/2026,84,0.39,67117.52,14,1
423,18,104898.85,5827.713889,2/7/2026,93,0.5,168986.98,18,1
424,14,34869.21,2490.657857,3/3/2026,69,0.39,65694.94,14,1
425,12,43817.86,3651.488333,1/4/2026,127,0.33,69279.01,12,1
426,22,63184.43,2872.019545,4/3/2026,38,0.61,78120.45,22,1
427,17,45881.07,2698.886471,3/16/2026,56,0.47,61663.03,17,1
428,16,44742.32,2796.395,2/26/2026,74,0.44,80835.62,16,1
429,17,74955.36,4409.138824,2/12/2026,88,0.47,103932.84,17,1
430,21,69438.55,3306.597619,1/11/2026,120,0.58,83774,21,1
431,22,81794.72,3717.941818,4/28/2026,13,0.61,110771.33,22,1
432,23,73897.26,3212.924348,2/6/2026,94,0.64,126117.6,23,1
433,13,48351.6,3719.353846,1/25/2026,106,0.36,62218.23,13,1
434,21,85977.4,4094.161905,4/7/2026,34,0.58,153153.94,21,1
435,9,76363.87,8484.874444,2/23/2026,77,0.25,96373.45,9,1
436,26,112513,4327.423077,5/10/2026,1,0.72,191764.71,26,1
437,19,67094.18,3531.272632,1/15/2026,116,0.53,85647.4,19,1
438,19,56754.85,2987.097368,5/8/2026,3,0.53,70364.02,19,1
439,16,73616.19,4601.011875,5/6/2026,5,0.44,94432.81,16,1
440,16,62755.85,3922.240625,4/7/2026,34,0.44,121965.49,16,1
441,25,95857.33,3834.2932,4/26/2026,15,0.69,146529.45,25,1
442,16,72175.01,4510.938125,1/4/2026,127,0.44,113517.78,16,1
443,26,97660.56,3756.175385,4/2/2026,39,0.72,169995.69,26,1
444,19,80020.14,4211.586316,4/24/2026,17,0.53,154207.76,19,1
445,26,104551.88,4021.226154,3/9/2026,63,0.72,175790.13,26,1
446,27,92325.11,3419.448519,4/16/2026,25,0.75,111472.43,27,1
447,17,46548.77,2738.162941,2/14/2026,86,0.47,90324.55,17,1
448,11,62040.15,5640.013636,4/26/2026,15,0.31,89710.52,11,1
449,20,66272.64,3313.632,4/11/2026,30,0.56,83087.26,20,1
450,22,100449.45,4565.884091,3/29/2026,43,0.61,197459.26,22,1
451,21,97076.49,4622.69,2/19/2026,81,0.58,132682,21,1
452,15,55420.85,3694.723333,4/30/2026,11,0.42,96150.5,15,1
453,15,39962.41,2664.160667,3/5/2026,67,0.42,71107.35,15,1
454,20,104955.15,5247.7575,1/28/2026,103,0.56,198683.19,20,1
455,20,65333.19,3266.6595,3/21/2026,51,0.56,111039.99,20,1
456,22,75361.25,3425.511364,2/25/2026,75,0.61,150707.71,22,1
457,22,99532.03,4524.183182,4/5/2026,36,0.61,191498.84,22,1
458,21,111043.63,5287.791905,2/17/2026,83,0.58,144318.95,21,1
459,17,45158.28,2656.369412,4/2/2026,39,0.47,73497.54,17,1
460,23,84302.86,3665.341739,2/25/2026,75,0.64,159044.33,23,1
461,11,28848.19,2622.562727,12/10/2025,152,0.31,42915.07,11,1
462,18,58381.4,3243.411111,5/2/2026,9,0.5,111977.92,18,1
463,15,51479.01,3431.934,12/18/2025,144,0.42,72999.71,15,1
464,17,55022.5,3236.617647,4/16/2026,25,0.47,89416.13,17,1
465,16,43190.58,2699.41125,5/2/2026,9,0.44,79580.43,16,1
466,23,115957.26,5041.62,5/7/2026,4,0.64,209801.67,23,1
467,22,105604.09,4800.185909,5/6/2026,5,0.61,138099.56,22,1
468,19,83064.8,4371.831579,4/14/2026,27,0.53,133689.02,19,1
469,17,65907.35,3876.902941,4/15/2026,26,0.47,90660.37,17,1
470,22,89757.8,4079.9,4/22/2026,19,0.61,135870.35,22,1
471,22,71461.52,3248.250909,5/1/2026,10,0.61,133287.81,22,1
472,23,70840.62,3080.026957,4/10/2026,31,0.64,110829.18,23,1
473,21,55778.15,2656.102381,4/8/2026,33,0.58,96698.4,21,1
474,22,73705.29,3350.240455,4/9/2026,32,0.61,99036.5,22,1
475,23,86783.31,3773.187391,3/6/2026,66,0.64,169209.68,23,1
476,13,60999.74,4692.287692,4/10/2026,31,0.36,113492.62,13,1
477,22,108551.57,4934.162273,1/28/2026,103,0.61,132952.06,22,1
478,25,117909.73,4716.3892,4/8/2026,33,0.69,145142.71,25,1
479,22,101535.15,4615.234091,3/17/2026,55,0.61,175895.56,22,1
480,14,65561.06,4682.932857,5/3/2026,8,0.39,102118.03,14,1
481,19,72296.86,3805.097895,2/17/2026,83,0.53,122672.45,19,1
482,18,74809.68,4156.093333,5/5/2026,6,0.5,127033.24,18,1
483,16,65516.45,4094.778125,2/26/2026,74,0.44,89030,16,1
484,27,122412.05,4533.77963,4/20/2026,21,0.75,224216.89,27,1
485,29,100519.5,3466.189655,4/18/2026,23,0.81,181219.7,29,1
486,18,82456.48,4580.915556,11/15/2025,177,0.5,146562.35,18,1
487,22,77448.86,3520.402727,4/14/2026,27,0.61,108570.31,22,1
488,21,84927.48,4044.165714,4/10/2026,31,0.58,124441.46,21,1
489,16,51036.56,3189.785,3/21/2026,51,0.44,83244.91,16,1
490,17,83167.81,4892.224118,4/11/2026,30,0.47,115049.79,17,1
491,17,77288.42,4546.377647,11/16/2025,176,0.47,132204.96,17,1
492,21,100350.8,4778.609524,1/11/2026,120,0.58,200004.06,21,1
493,21,86050.86,4097.66,4/25/2026,16,0.58,153096.72,21,1
494,14,61658.36,4404.168571,3/9/2026,63,0.39,108072.31,14,1
495,17,48499.7,2852.923529,4/10/2026,31,0.47,67355.64,17,1
496,23,87653.75,3811.032609,3/26/2026,46,0.64,172213.24,23,1
497,19,100601.02,5294.790526,4/18/2026,23,0.53,136685.88,19,1
498,22,78110.02,3550.455455,4/22/2026,19,0.61,107151.96,22,1
499,18,68463.29,3803.516111,3/7/2026,65,0.5,96063.71,18,1
500,24,78123.87,3255.16125,3/10/2026,62,0.67,131947.08,24,1
